url,category,subcategory,tanggal_publish,judul,tags,konten
https://katanetizen.kompas.com/read/2025/10/31/162438785/mencecap-masa-lalu-lewat-es-krim-di-kedai-jadul,Katanetizen,Kata Netizen,"Kompas.com - 31/10/2025, 16:24 WIB",Mencecap Masa Lalu lewat Es Krim di Kedai Jadul,"Kompasiana, es krim, jadul, kedai, Kata Netizen","Ternyata bisa lho ketika kita mencicip sesuatu mengingatkan kita pada sebuah momen masa lalu dan kenangan yang terbawa bersamanya. Begitulah sensasi yang muncul ketika tanpa sengaja saya menemukan kedai es krim legendaris di tengah hiruk pikuk Jakarta. Siang itu, terik matahari Jakarta membuat dahaga datang cepat. Seusai menjelajah toko-toko buku di kawasan Kwitang, langkah saya terhenti oleh papan kecil bertuliskan “Es Krim Baltic — Sejak 1939”. Seketika rasa ingin tahu muncul. Bagaimana bisa sebuah kedai es krim bertahan selama lebih dari delapan dekade di tengah arus modernitas yang begitu cepat berubah? Tanpa pikir panjang, saya pun masuk. Kedainya sederhana dengan sentuhan modern: kursi merah, kaca besar di sisi dinding, dan lampu gantung bergaya klasik yang memberi nuansa nostalgia. Begitu duduk, saya langsung memesan beberapa rasa — Durian Montong yang katanya paling populer, Strawberry, dan Kopyor. Teman saya, Kak Rere, memilih rasa terakhir itu. Suapan pertama es krim Durian Montong langsung membawa saya pada kesan yang sulit dilupakan. Teksturnya lembut, rasa manisnya tidak berlebihan, dan aroma duriannya kuat tapi tidak menyengat. Ada keseimbangan rasa antara susu dan buah, ringan namun memuaskan. Selesai satu cup, saya meneguk air putih sejenak sebelum melanjutkan ke rasa Strawberry yang ternyata sama memikatnya — segar, manisnya pas, dan lembut di lidah. Sembari menikmati es krim, saya sempat berbincang dengan staf kedai. “Dulu disajikannya dalam mangkuk atau gelas es krim, Kak,” ujarnya ramah. Bayangan masa lalu pun hadir di kepala saya — orang-orang Belanda yang dulu menikmati semangkuk es krim dingin di tahun 1939, lalu berganti menjadi mahasiswa-mahasiswa Jakarta yang menjadikan kedai ini tempat nongkrong pada masanya. Kini, pelanggan yang datang pun beragam. Ada mahasiswa, pekerja kantoran, hingga ibu-ibu yang sibuk memandangi ponsel sambil menikmati es krim. Menariknya, Baltic tetap setia pada prinsip lama: tanpa bahan pengawet. Itu sebabnya es krim mereka tak bisa dibawa bepergian jauh tanpa mesin pendingin. Namun untuk warga Jabodetabek, mereka menyediakan layanan pesan antar dan bahkan menjual versi literan untuk acara keluarga. Saya dan Kak Rere sempat menambah pesanan — kali ini versi stick, rasa Avocado dan Ketan Hitam. “Aku lebih suka yang stick, ada sensasi krenyes-nya,” kata Kak Rere sambil tersenyum. Kami menghabiskan lima es krim dalam satu duduk, sambil berbagi obrolan ringan di tengah suasana yang tenang. Soal harga, es krim Baltic ini masih terjangkau, bahkan terasa seperti luxury treat yang sederhana. Kedainya pun sudah menyesuaikan dengan zaman: tersedia QRIS, transfer bank, hingga pembayaran tunai bagi yang masih setia dengan uang kertas. Stafnya ramah, suasananya nyaman, meski colokan charger mungkin jadi tambahan kecil yang diharapkan para pengunjung kekinian. Di tengah maraknya kedai kekinian dengan tampilan estetik dan topping berlapis-lapis, Baltic terasa seperti napas segar dari masa lalu. Sederhana, tapi penuh cerita. Saya hanya berharap kedai ini terus bertahan dan dicintai lintas generasi — dengan rasa yang tetap otentik dan strategi yang bisa membuatnya relevan di masa kini. Bagi yang ingin mampir, kedai Es Krim Baltic berada di Jalan Kramat Raya No.10, Kwitang, Jakarta Pusat. Datanglah ketika siang terasa terlalu panas — siapa tahu, kamu juga bisa mencicip manisnya masa lalu dalam setiap sendok es krimnya. Konten ini merupakan opini/laporan buatan blogger dan telah tayang di Kompasiana .com dengan judul "" Makan Es Krim di Kedai Jadul Serasa Menembus Masa Lalu """
https://katanetizen.kompas.com/read/2025/10/31/150759885/kini-cfd-cibinong-tanpa-penjual-jajanan-ada-yang-berbeda,Katanetizen,Kata Netizen,"Kompas.com - 31/10/2025, 15:07 WIB","Kini CFD Cibinong Tanpa Penjual Jajanan, Ada yang Berbeda?","Kompasiana, Kabupaten Bogor, CFD, Kata Netizen, cfd cibinong","Car free day (CFD) di Cibinong, Kabupaten Bogor, Jawa Barat sebenarnya sudah berlangsung sejak lama. Tetapi, untuk kali pertama, CFD di Cibonong pada Minggu (26/10/2025), tidak ada pedagang sama sekali. ""Lho, kok nggak ada yang jualan jajanan?"" itulah celoteh anak perempuan saya saat kami menjajal CFD di di sepanjang Jalan Tegar Beriman, Cibinong. Minggu pagi itu, suasana terasa sedikit berbeda dari bayangan banyak orang. Tak ada aroma gorengan yang biasa menggoda penciuman, tak tampak pula tenda-tenda kecil yang menjajakan makanan ringan atau minuman segar. Kawasan yang biasanya ramai oleh aktivitas jual beli, kini benar-benar dikhususkan untuk olahraga dan rekreasi warga. Menurut Pemerintah Kabupaten (Pemkab) Bogor, kegiatan CFD Cibinong ini masih dalam tahap uji coba. Jalurnya dibuka sejak pukul 06.00 hingga 10.00 WIB, memanfaatkan dua jalur utama—dari depan Kodim hingga Cibinong City Mall—yang kini disulap menjadi lintasan pejalan kaki, pelari, dan pesepeda. Sempat beredar kabar bahwa UMKM lokal akan difasilitasi berjualan di jalur lambat. Namun pada pelaksanaan perdananya, hal itu belum terlihat. Jalur lambat justru tetap difungsikan untuk kendaraan bermotor, mungkin sebagai bentuk antisipasi kemacetan di sekitar kawasan. Kondisi ini menimbulkan sedikit ironi: jalur cepat berubah menjadi ruang untuk berjalan kaki dan bersepeda, sementara jalur lambat justru menjadi jalur padat kendaraan. Beberapa pengguna jalan terlihat harus ekstra hati-hati saat menyeberang menuju area parkir, terutama karena kendaraan yang melintas masih melaju cukup cepat. Meski begitu, ada banyak hal positif yang bisa dicatat dari penyelenggaraan CFD perdana di Cibinong ini. Ruas Jalan Tegar Beriman yang rindang menghadirkan suasana sejuk dan nyaman untuk berolahraga. Banyak warga tampak menikmati kesempatan berjalan santai sambil menghirup udara pagi tanpa polusi. Dari sisi visual, kawasan ini juga cukup fotogenik. Barisan pepohonan di sepanjang jalan menjadi latar menarik bagi para penghobi foto maupun pembuat konten media sosial. Beberapa fotografer lokal pun tampak menawarkan jasa foto dadakan kepada pengunjung yang berolahraga. CFD Cibinong memang masih perlu evaluasi—mulai dari pengaturan jalur, penyiapan kantong parkir, hingga kebijakan untuk UMKM lokal agar bisa ikut meramaikan suasana tanpa mengganggu esensi “hari bebas kendaraan bermotor”. Namun, potensi untuk berkembang menjadi ruang publik yang sehat, tertib, dan ramah warga jelas sudah terlihat. Setidaknya, Minggu pagi di Cibinong kini punya wajah baru: jalan utama yang lapang, udara yang lebih segar, dan kesempatan bagi warga untuk bergerak bersama dalam semangat hidup sehat. Mungkin memang belum sempurna, tapi inilah langkah awal menuju kota yang lebih manusiawi—tempat kendaraan menepi sejenak, memberi ruang bagi langkah kaki dan tawa warga yang menikmati pagi. Konten ini merupakan opini/laporan buatan blogger dan telah tayang di Kompasiana .com dengan judul "" CFD Cibinong, Edisi Perdana Tanpa Penjual Jajanan """
https://katanetizen.kompas.com/read/2025/10/31/135841585/jalan-jalan-ke-pasar-buku-legendaris-kwitang-jakarta,Katanetizen,Kata Netizen,"Kompas.com - 31/10/2025, 13:58 WIB","Jalan-jalan ke Pasar Buku Legendaris Kwitang, Jakarta","Kompasiana, toko buku, buku, Kwitang, Kata Netizen","Apa yang terngiang darimu ketika mendengar kata ""Kwitang""? Pertanyaan itu berputar di kepala saya saat langkah demi langkah menuntun menuju kawasan yang dulu begitu lekat dengan dunia perbukuan Jakarta. Nama Kwitang pernah menjadi semacam legenda bagi para pemburu buku —tempat yang mana halaman-halaman pengetahuan menumpuk di atas trotoar, menunggu untuk disentuh, dibuka, dan dibaca. Dulu, di sepanjang jalan ini, tumpukan buku seperti tak pernah ada habisnya. Novel-novel lawas, buku pelajaran, karya sastra klasik, hingga majalah-majalah lama, semuanya bisa ditemukan di satu tempat. Kini, suasana itu sudah mereda. Namun, bagi sebagian orang—terutama mereka yang tumbuh dengan aroma buku bekas—nama Kwitang tetap menyimpan gema nostalgia. Saya pertama kali mengenal Kwitang bukan dari pengalaman langsung, melainkan lewat film Ada Apa Dengan Cinta? (AADC) yang legendaris itu. Sejak menonton adegan Cinta dan Rangga berbincang di toko buku , saya berjanji dalam hati: suatu hari nanti, saya harus datang ke sana. Butuh waktu lebih dari sepuluh tahun untuk menepati janji itu. Hari itu, bertepatan dengan ulang tahun seorang sahabat, kami memutuskan berkunjung ke Kwitang. Dari Stasiun Gondangdia, kami berjalan kaki menempuh jarak sekitar satu setengah kilometer. Cuaca panas khas Jakarta tidak mampu menandingi rasa penasaran yang sudah lama mengendap. Namun ketika sampai, saya harus mengakui: Kwitang tak lagi seramai cerita yang dulu saya dengar. Hanya segelintir kios yang bertahan. Seorang pedagang bercerita, banyak rekan-rekannya sudah pindah ke Pasar Kenari, Thamrin City, hingga Blok M. Yang tersisa kini hanya beberapa toko kecil di Jalan Kramat Buntu dan satu toko utama di Jalan Habib Ali Kwitang. Kami memulai langkah di “Toko Buku Restu.” Pemiliknya ramah, menyapa dengan senyum, lalu mengarahkan kami ke deretan buku bekas yang dijual murah. Ada majalah Tempo, Intisari, hingga novel-novel Inggris bergambar nyentrik—kadang dengan ilustrasi yang membuat kami tertawa kecil. Di antara tumpukan itu, saya menemukan buku Madilog karya Tan Malaka dengan label “Ori”. Ketika ditanya harganya, sang penjual menjawab sekitar Rp140 ribu. Tak murah, tapi bagi penggemar buku, selalu ada nilai sentimental yang tak bisa diukur uang. Perburuan kami berlanjut ke Pasar Buku Kwitang. Di sana, beberapa penjual masih setia menjaga lapaknya. “Cari buku apa?” tanya salah satu pedagang begitu kami mendekat. Saya menyebut nama Putu Wijaya, tapi rupanya koleksi itu sudah tak ada. Sebagai gantinya, mereka menawarkan berbagai buku lama, bahkan ada yang disebut “langka”—dengan harga yang cukup membuat saya menelan ludah. Akhirnya kami berhenti di ujung lorong. Di antara rak-rak kayu dan aroma kertas tua, sahabat saya menemukan Totto-chan. Sementara saya memilih Burung-Burung Manyar karya Y.B. Mangunwijaya terbitan 2003. Dua buku, dua kisah lama yang kami bawa pulang sebagai oleh-oleh kenangan. Beberapa tahun lalu, sempat muncul wacana dari pemerintah untuk menjadikan Kwitang sebagai zona wisata literasi. Gagasannya indah: menghidupkan kembali denyut dunia buku yang dulu pernah berjaya. Tapi hingga kini, realisasinya belum juga tampak. Padahal, kalau benar ingin menghidupkan Kwitang, ada banyak hal yang perlu dipikirkan: bagaimana memberi ruang layak bagi para pedagang lama, bagaimana memastikan tidak ada buku bajakan yang dijual, dan bagaimana agar tempat ini tak hanya jadi destinasi foto, tapi juga pusat pengetahuan yang hidup. Saya memahami dilema para penjual buku. Di satu sisi, mereka harus bertahan; di sisi lain, mereka dihadapkan pada pasar yang kian sulit. Namun, tetap saja, buku bajakan bukan jalan keluar. Pemerintah seharusnya hadir lebih serius—membantu penerbit, menekan harga buku, atau memberi subsidi bagi penulis. Karena menjaga literasi bukan sekadar soal bisnis, tapi juga menjaga warisan intelektual bangsa. Menjelang siang, matahari kian terik. Kami melangkah kembali menuju stasiun, dengan tas berisi buku dan kepala berisi pertanyaan. Masihkah ada masa depan bagi Kwitang—dan dunia literasi Indonesia—di tengah gempuran dunia digital yang serba cepat? Konten ini merupakan opini/laporan buatan blogger dan telah tayang di Kompasiana .com dengan judul "" Kwitang Tanpa Jarak, Sehari di Pasar Buku Legendaris Jakarta """
https://katanetizen.kompas.com/read/2025/10/31/130632285/dunia-global-mesti-waspada-ancaman-penyakit-flu-burung,Katanetizen,Kata Netizen,"Kompas.com - 31/10/2025, 13:06 WIB",Dunia Global Mesti Waspada Ancaman Penyakit Flu Burung,"virus, Kompasiana, flu burung, unggas, Kata Netizen","Apakah dunia benar-benar siap menghadapi ancaman wabah penyakit baru yang datang dari unggas? Pertanyaan ini kembali mengemuka setelah Jerman mengeluarkan peringatan serius terkait penyebaran flu burung yang meningkat pesat di wilayahnya pada akhir Oktober 2025. Dalam beberapa pekan terakhir, kasus infeksi flu burung di negara itu melonjak tajam. Burung liar maupun peliharaan, termasuk burung bangau, dilaporkan terjangkit. Institut Friedrich Loeffler (FLI), lembaga penelitian penyakit hewan nasional Jerman, bahkan menilai risiko penyebaran wabah berada pada tingkat yang sangat tinggi. Peringatan ini menjadi sinyal bahwa flu burung bukan hanya soal kesehatan hewan, tetapi juga ancaman global yang bisa mengguncang kesehatan manusia, ketahanan pangan, hingga perekonomian dunia. Flu burung sendiri disebabkan oleh virus influenza tipe A. Sebagian besar kasus menyerang unggas , tetapi beberapa jenis virus seperti H5N1 dan H7N9 terbukti dapat menular ke manusia. Penularannya memang jarang, namun dampaknya bisa fatal. Pada pandemi flu burung 2005 misalnya, virus H5N1 menewaskan lebih dari 400 orang di seluruh dunia—dengan tingkat fatalitas yang mencapai 50 persen, jauh di atas flu musiman biasa. Di Indonesia, istilah “flu burung” bukan hal baru. Kasus pertama ditemukan pada manusia pada 2005, dan sejak itu Indonesia termasuk salah satu negara yang paling terdampak. Ratusan kasus tercatat, banyak di antaranya berujung kematian. Meski kini situasi lebih terkendali, keberadaan virus ini tetap menjadi ancaman laten. Kasus terbaru yang melibatkan unggas atau burung liar terinfeksi menegaskan bahwa kewaspadaan tak boleh kendor. Flu burung bukan hanya soal kesehatan masyarakat, tapi juga tentang ketahanan pangan dan stabilitas ekonomi. Wabah di sektor peternakan unggas dapat menyebabkan kerugian besar: dari distribusi ayam dan telur yang terganggu hingga penurunan produksi pangan nasional. Pemerintah Jerman sudah mengingatkan dampak ekonomi yang mungkin terjadi akibat wabah ini—peringatan yang semestinya juga menjadi refleksi bagi Indonesia. Langkah-langkah pencegahan perlu terus diperkuat. Pemerintah dapat memperketat pengawasan di peternakan unggas, menerapkan sistem biosekuriti, dan memastikan peternak memahami cara pencegahan yang benar. Surveilans dini juga krusial, terutama di wilayah-wilayah dengan populasi unggas tinggi atau jalur migrasi burung liar. Selain itu, edukasi publik menjadi kunci penting. Masyarakat perlu memahami bagaimana virus menular dan cara mencegahnya—mulai dari kebiasaan mencuci tangan hingga memastikan daging unggas dimasak matang sempurna. Tak kalah penting, kerja sama internasional harus diperkuat. Penyakit lintas spesies seperti flu burung tidak mengenal batas negara. Indonesia perlu berkolaborasi dengan organisasi seperti WHO, FAO, dan OIE dalam riset, pengembangan vaksin, serta pertukaran data epidemiologis. Wabah penyakit menular seperti flu burung mengingatkan kita bahwa dunia kini semakin saling terhubung—dan karena itu pula, ancamannya pun semakin luas. Kewaspadaan, kolaborasi lintas sektor, dan kepedulian terhadap keamanan pangan menjadi fondasi penting agar kita tak lengah menghadapi ancaman yang bisa datang kapan saja. Pada akhirnya, melindungi manusia juga berarti melindungi alam dan satwa di sekitar kita. Oleh karena itu, dalam rantai kehidupan global ini, kesehatan satu spesies dapat menentukan keselamatan yang lain. Konten ini merupakan opini/laporan buatan blogger dan telah tayang di Kompasiana .com dengan judul "" Mewaspadai Ancaman Penyakit Flu Burung di Dunia Global """
https://katanetizen.kompas.com/read/2025/10/31/091844185/melihat-sekolah-di-korea-selatan-mengurangi-sampah-makanan,Katanetizen,Kata Netizen,"Kompas.com - 31/10/2025, 09:18 WIB",Melihat Sekolah di Korea Selatan Mengurangi Sampah Makanan,"Korea Selatan, Kompasiana, sampah makanan, Kata Netizen, clean eating","Kompasianer Yulius Roma Patandean Paket makan siang di sekolah di Korea Selatan Bisakah sebuah kebiasaan makan sederhana ikut menyelamatkan lingkungan? Pertanyaan ini terlintas ketika saya melihat bagaimana sekolah-sekolah di Korea Selatan , termasuk yang saya kunjungi di Pulau Jeju tahun 2024 lalu, begitu disiplin dalam mengelola sisa makanan. Di negeri ginseng itu, “ clean eating ” bukan sekadar gaya hidup sehat, tapi juga bagian dari kesadaran kolektif untuk mengurangi limbah. Konsep ini hidup di keseharian masyarakat—termasuk di lingkungan sekolah—melalui sistem yang tegas, terukur, dan terintegrasi. Di Jeju, saya menyaksikan sendiri bagaimana para siswa di Jejuseo Middle School begitu terbiasa menghabiskan seluruh makanan di piring mereka. Tidak ada yang tergesa-gesa, tapi juga tak ada yang bersisa. Kebiasaan ini bukan semata karena disiplin pribadi, melainkan karena mereka tumbuh dalam sistem pengelolaan sampah makanan yang sangat ketat dan transparan. Korea Selatan menerapkan kebijakan “Pay as You Throw” (bayar sesuai sampah yang dibuang). Artinya, setiap rumah tangga, sekolah, hingga restoran harus membayar sesuai jumlah atau berat sampah makanan yang mereka hasilkan. Semakin banyak sisa makanan yang dibuang, semakin besar biaya yang harus dikeluarkan. Yang menarik, pembayaran ini dilakukan secara modern—menggunakan mesin pintar berteknologi RFID atau kantong sampah prabayar. Bahkan, selama di sana, saya sendiri sempat menggunakan kartu transportasi T-Money untuk membayar biaya pembuangan sisa makanan. Sistem ini membuat semua orang, termasuk anak-anak, berpikir dua kali sebelum membiarkan nasi tersisa di piring. Selain faktor ekonomi, pendidikan berperan besar dalam membentuk kebiasaan ini. Di sekolah-sekolah Korea Selatan, pengelolaan sampah makanan diajarkan sejak dini melalui kegiatan dan kampanye yang konsisten. Saya sempat menyaksikan satu kegiatan bertajuk “No Plate Waste Day”, hari tanpa sisa makanan, yang diikuti oleh seluruh siswa dan guru. Di ruang makan sekolah, terpampang berbagai poster dengan pesan sederhana namun kuat: “Menyisakan makanan sama dengan membuang uang ke tempat sampah.” Kalimat itu bukan sekadar slogan, tapi menjadi bagian dari nilai moral yang ditanamkan dalam pelajaran etika dan kewarganegaraan. Para siswa memahami bahwa menghabiskan makanan bukan hanya soal sopan santun, tetapi juga tanggung jawab sosial dan bentuk penghargaan terhadap sumber daya alam. Sampah makanan yang sudah terkumpul di Korea Selatan pun tidak langsung dibuang. Pemerintah mengelolanya kembali menjadi pupuk organik, pakan ternak, hingga energi biomassa. Sistem daur ulang ini menutup siklus limbah secara efisien—dari meja makan kembali ke tanah, dari sisa makanan menjadi sumber energi baru. Tak heran jika perilaku disiplin ini kini menjadi bagian dari budaya Korea modern. Menyisakan makanan dianggap bukan hanya pemborosan, tapi juga bentuk kurangnya empati terhadap lingkungan. Nilai itu tumbuh kuat di kalangan anak muda, termasuk di ruang-ruang kelas. Melihat kedisiplinan itu, saya jadi berpikir: mungkinkah sistem serupa diterapkan di sekolah-sekolah Indonesia? Tentu perlu disesuaikan dengan kondisi lokal, termasuk pendekatan budaya dan infrastruktur yang mendukung. Namun, semangat di baliknya—menghargai makanan dan mengurangi sampah—adalah nilai universal yang bisa kita mulai dari mana pun, bahkan dari piring makan siang anak sekolah. Mungkin, dari satu langkah sederhana untuk tidak menyisakan nasi di piring, kita bisa ikut menyumbang perubahan besar bagi bumi. Konten ini merupakan opini/laporan buatan blogger dan telah tayang di Kompasiana .com dengan judul "" Sistem Clean Eating di Sekolah Korea Selatan yang Sukses Kurangi Sampah """
https://katanetizen.kompas.com/read/2025/10/31/081932385/mencari-batas-antara-teguran-dan-kekerasan-di-sekolah,Katanetizen,Kata Netizen,"Kompas.com - 31/10/2025, 08:19 WIB",Mencari Batas antara Teguran dan Kekerasan di Sekolah,"guru, Kompasiana, sekolah, viral, Kata Netizen","Menegur dengan tegas dianggap kekerasan. Menegur dengan lembut dianggap tidak berwibawa. Sebenarnya sampai di mana batas antara “menegur untuk mendidik” dan “bertindak yang melukai”? Di ruang kelas yang mestinya menjadi tempat tumbuh, batas itu kini terasa semakin kabur. Belakangan, publik kembali dihebohkan oleh video viral seorang kepala sekolah yang dianggap menampar siswanya. Dalam klarifikasinya, sang kepala sekolah mengaku sempat “memukul pelan” karena menahan emosi saat menegur siswa yang kedapatan merokok. Peristiwa itu seketika menyebar di media sosial, menimbulkan perdebatan panjang: apakah itu bentuk kedisiplinan, atau sudah termasuk kekerasan? Kini, guru hidup di masa yang serba rumit. Mereka dituntut tegas tanpa kehilangan empati, mendidik tanpa menyinggung perasaan, dan menjaga wibawa di tengah generasi yang tumbuh di dunia digital — cepat tersulut, cepat pula menyebar. Satu rekaman singkat bisa mengubah ruang kelas menjadi ruang sidang publik. Dari Rotan ke Restorasi Generasi 1990-an mungkin masih ingat masa ketika cubitan, rotan, atau hukuman berdiri dianggap bagian dari proses mendidik. Namun zaman berubah. Paradigma baru pendidikan kini mendorong penerapan Disiplin Positif — pendekatan yang menekankan dialog, refleksi, dan tanggung jawab tanpa kekerasan fisik. Psikolog anak Seto Mulyadi berulang kali mengingatkan, menegur boleh, asal tidak mempermalukan. Teguran seharusnya menyadarkan, bukan melukai. Beberapa sekolah mulai menerapkan restorative circle, sebuah forum duduk bersama antara guru, murid, dan orangtua untuk mencari solusi tanpa hukuman fisik. Meski masih terbatas, pendekatan ini memberi harapan bahwa disiplin bisa tetap ditegakkan tanpa meninggalkan rasa kemanusiaan. Namun perubahan tak semudah teori. Guru di sekolah negeri menghadapi kelas besar, administrasi menumpuk, dan ekspektasi sosial yang tinggi. Dalam tekanan itu, menjaga emosi bukan hal mudah. Antara Tegas dan Viral “Dulu murid takut salah, sekarang guru takut viral.” Kalimat ini mungkin terdengar satir, tapi menggambarkan realitas pendidikan hari ini. Relasi guru dan siswa kini lebih cair, bahkan kadang tanpa batas. Teguran keras yang dulu dianggap wajar, kini bisa berujung laporan. Sebaliknya, guru yang terlalu lembut dituding tidak punya wibawa. Kondisi ini membuat banyak guru berjalan di atas garis tipis — mencoba menegakkan disiplin sambil menahan diri dari kesalahpahaman. Satu gestur bisa disalahartikan, satu kalimat bisa dipotong lalu menyebar di dunia maya tanpa konteks. Krisis Kepercayaan di Sekolah Kasus SMAN 1 Cimarga di Lebak, Banten, menjadi contoh nyata. Aksi mogok 630 siswanya bukan sekadar bentuk protes, tapi cermin dari krisis komunikasi dan kepercayaan antara sekolah dan murid. Remaja masa kini hidup di dunia yang sangat visual dan reaktif. Mereka lebih percaya pada video pendek di media sosial daripada klarifikasi resmi. Saat sekolah gagal menjelaskan dengan cepat dan terbuka, ruang kosong itu diisi oleh rumor dan emosi. Konflik seperti ini menunjukkan bahwa masalah di sekolah modern tak lagi sebatas urusan disiplin. Ini tentang bagaimana otoritas beradaptasi menghadapi publik digital. Peran Orangtua di Tengah Kebingungan Di tengah situasi sensitif seperti ini, orangtua memegang peran penting. Banyak kasus membesar bukan karena kekerasannya berat, tapi karena emosi yang lebih cepat menyebar dibanding dialog. Sebelum membawa masalah ke media sosial atau ranah hukum, orangtua sebaiknya mendengar dua sisi cerita. Sekolah pun perlu membuka diri, menjadi ruang diskusi, bukan benteng yang defensif. Di situlah disiplin bisa tumbuh — bukan dari rasa takut, tapi dari saling percaya. Menegakkan Disiplin dengan Empati Bisakah sekolah menegakkan disiplin tanpa kekerasan? Bisa, asal mau berubah. Perubahan itu dimulai dari cara berbicara, cara mendengarkan, dan cara memahami. Kini, banyak guru belajar menahan nada suara, memilih kata dengan hati-hati. Bukan karena takut viral, tetapi karena sadar: kata-kata bisa membekas lebih lama daripada hukuman fisik. Orangtua pun sedang beradaptasi. Mereka ingin anak dihargai, tapi juga disiplin. Mereka marah ketika anak ditegur, tapi khawatir ketika anak tumbuh tanpa batas. Kita semua, pada dasarnya, sedang belajar menyeimbangkan kasih sayang dan ketegasan. Sekolah yang Memanusiakan Sekolah seharusnya menjadi tempat tumbuh, bukan arena saling tuding. Guru juga manusia yang sedang belajar memahami generasi baru, sama seperti murid yang sedang belajar memahami dunia. Kasus Cimarga memberi pengingat bahwa kita butuh batas yang jelas antara teguran dan kekerasan, antara wibawa dan arogansi, antara mendidik dan melukai. Disiplin tidak harus keras, dan empati tidak berarti lemah. Karena sejatinya, pendidikan bukan soal siapa yang salah — melainkan siapa yang mau terus belajar menjadi lebih baik: guru, murid, maupun orangtua. Konten ini merupakan opini/laporan buatan blogger dan telah tayang di Kompasiana .com dengan judul "" Antara Teguran dan Kekerasan, di Mana Batas Disiplin Sekolah? """
https://katanetizen.kompas.com/read/2025/10/30/233632885/cara-petani-desa-talagasari-memaksimalkan-lahan,Katanetizen,Kata Netizen,"Kompas.com - 30/10/2025, 23:36 WIB",Cara Petani Desa Talagasari Memaksimalkan Lahan,"Kompasiana, Garut, sawah, petani, lahan, Kata Netizen","Hari itu, Rabu (22/20/2025), menjadi puncak dari penantian panjang para petani yang tergabung dalam Kelompok Mekar Mukti di RW 13, Desa Talagasari, Kecamatan Kadungora, Kabupaten Garut . Petani dipenuhi dengan euforia dan rasa syukur, panen padi yang hasilnya jauh melampaui ekspektasi. Sepanjang sawah bukanlah panen biasa, melainkan tumpukan gabah yang menjadi bukti nyata keberhasilan kerja keras dan strategi cerdas para petani lokal. Di bawah terik matahari Kadungora yang hangat, deru aktivitas terdengar bersahutan. Suara sabit yang beradu dengan batang padi, tawa petani yang tak pernah lelah, dan aroma jerami yang khas seolah menjadi harmoni alam yang menandai datangnya musim panen. Di tengah kesibukan itu, para anggota Kelompok Tani Mekar Mukti tampak begitu kompak. Bahu membahu, mereka mengangkut padi yang menguning penuh isi ke tempat penampungan. Salah satu di antara mereka, Endang (55), berdiri dengan senyum lega. Wajahnya memancarkan rasa syukur yang tak bisa disembunyikan. Ia adalah sosok yang mencerminkan semangat petani Talagasari: sederhana, tapi pantang menyerah. “Kalau bukan kita yang merawat lahan ini, siapa lagi?” katanya singkat, sembari menyeka keringat. Lahan di Desa Talagasari memang dikenal subur. Tapi bagi para petani, kesuburan saja tidak cukup. Mereka percaya bahwa keberhasilan sejati datang dari ketelatenan, disiplin, dan kerja sama. Dalam kelompok ini, setiap petani memiliki peran. Mereka memantau kelembapan tanah, mengantisipasi serangan hama, hingga mengatur pemberian nutrisi agar pertumbuhan padi maksimal. “Setiap batang padi kami perlakukan seperti keluarga,” ujar Endang sambil tersenyum. Kalimat sederhana itu menjelaskan segalanya — bahwa di balik setiap bulir beras yang kita nikmati, ada dedikasi tanpa henti yang tumbuh dari tanah dan tangan-tangan yang sabar. Tak berhenti di kebiasaan lama, para petani Mekar Mukti juga terus belajar. Mereka menggabungkan kearifan lokal dengan teknik modern yang diperoleh dari pelatihan dan pengalaman. Inilah yang membuat hasil panen mereka kali ini berbeda dari sebelumnya. Angka yang Bicara: Panen yang Mencetak Rekor Baru Ketika tumpukan gabah mulai membentuk bukit kecil di tepi pematang, tibalah saatnya menghitung hasil. Dan angka yang muncul sungguh luar biasa: rata-rata 8 kuintal gabah dari setiap 100 tumbak lahan. Angka itu bukan sekadar statistik. Di mata para petani, itu adalah simbol keberhasilan dari kerja keras berbulan-bulan. Sebagai perbandingan, rata-rata hasil panen di wilayah sekitar Kadungora biasanya masih di bawah capaian tersebut. Gabah yang mereka hasilkan pun memiliki kualitas unggul — bulir padat, berisi, dan berwarna cerah. Tak heran jika hasil panen ini diterima dengan baik oleh pemerintah melalui sistem pembelian resmi. Tidak ada penolakan, tidak ada potongan harga. Semua berjalan mulus. “Rasanya seperti mimpi,” kata salah satu anggota kelompok. “Kerja keras kami benar-benar berbuah manis.” Bagi Kelompok Mekar Mukti, ini bukan hanya tentang banyaknya gabah yang terkumpul, tapi juga tentang pembuktian bahwa metode yang mereka jalankan memang berhasil. Bahwa petani bisa maju tanpa harus meninggalkan akar tradisi mereka. Dampak yang Nyata: Dari Sawah ke Kehidupan Keluarga Panen raya kali ini membawa perubahan besar di Talagasari. Dengan hasil melimpah, pendapatan keluarga petani pun meningkat signifikan. Banyak dari mereka kini bisa memperbaiki rumah, menabung untuk pendidikan anak, atau sekadar bernapas lebih lega menghadapi kebutuhan sehari-hari. Lebih dari itu, keberhasilan ini juga menumbuhkan rasa percaya diri. Para petani kini tahu bahwa kerja sama dan kedisiplinan bisa menjadi kekuatan besar untuk mewujudkan kesejahteraan. Pemerintah daerah pun memberikan perhatian lebih. Hasil panen Mekar Mukti menjadi contoh bagi kelompok tani lain di Kecamatan Kadungora. Tak sedikit yang datang belajar, menanyakan cara pengelolaan lahan dan strategi perawatan tanaman mereka. Bagi Endang dan rekan-rekannya, semua ini bukan akhir, melainkan awal dari perjalanan panjang. Mereka sudah menyiapkan rencana untuk musim tanam berikutnya — memperbaiki sistem irigasi, meningkatkan efisiensi pupuk, dan terus belajar agar hasilnya semakin baik. “Panen ini bukan hanya rezeki, tapi juga amanah,” kata Endang. “Kami ingin lahan ini terus memberi kehidupan bagi anak cucu kami nanti.” Panen Raya yang Jadi Teladan Panen padi di RW 13, Desa Talagasari, bukan sekadar peristiwa musiman. Ia adalah bukti nyata bahwa ketekunan, inovasi, dan kebersamaan bisa mengubah wajah pertanian desa. Dengan hasil rata-rata 8 kuintal per 100 tumbak, Kelompok Mekar Mukti membuktikan bahwa kerja keras yang dijalankan bersama mampu menghasilkan sesuatu yang luar biasa — tidak hanya untuk perut, tapi juga untuk harapan. Talagasari kini bukan sekadar desa penghasil padi, melainkan contoh hidup bahwa pertanian yang dikelola dengan hati akan selalu berbuah manis. Dari tanah yang sama, tumbuh keyakinan baru: bahwa masa depan petani Indonesia bisa secerah bulir padi yang menguning di bawah sinar matahari Kadungora. Konten ini merupakan opini/laporan buatan blogger dan telah tayang di Kompasiana .com dengan judul "" Bukan Sekadar Panen Raya: Ini Hasil Maksimalisasi Lahan oleh Petani Kreatif Kadungora """
https://katanetizen.kompas.com/read/2025/10/30/194927385/sikap-guru-pada-murid-yang-sering-disalahartikan,Katanetizen,Kata Netizen,"Kompas.com - 30/10/2025, 19:49 WIB",Sikap Guru pada Murid yang Sering Disalahartikan,"guru, Kompasiana, sekolah, mengajar, murid, Kata Netizen","Betapa beratnya langkah seorang guru saat hendak menegur murid di zaman sekarang. Sebuah niat tulus untuk mendidik bisa berubah menjadi kesalahpahaman, bahkan tuduhan. Padahal di balik setiap teguran, ada kasih yang ingin menuntun — bukan melukai. Menjadi Guru di Era yang Serba Cepat Menjadi guru hari ini bukan sekadar profesi, tapi perjuangan moral di tengah derasnya arus perubahan zaman. Jika dulu guru cukup mengajar dan menegakkan disiplin, kini perannya jauh lebih kompleks: pendidik, konselor, influencer positif, sekaligus penjaga nilai di dunia yang semakin cair oleh arus digital. Anak-anak Generasi Z dan Alpha hidup di ruang gawai yang membentuk perilaku mereka lebih cepat daripada nasihat di ruang kelas. Sebuah konten viral bisa menjadi “guru baru” yang lebih didengar daripada sosok di depan papan tulis. Di tengah kondisi seperti itu, guru tetap berusaha menanamkan nilai-nilai sederhana —sopan santun, budi pekerti, tanggung jawab— hal-hal yang kini justru makin langka di tengah hidup yang serba cepat. Namun niat baik itu kerap berbalas salah paham. Ketika Teguran Disalahartikan Bukan rahasia lagi, ada guru yang akhirnya dipojokkan hanya karena bersikap tegas. Ada pula yang harus berurusan dengan hukum, padahal maksudnya mendidik. Fenomena ini bukan lagi satu-dua kasus. Kini banyak guru seperti berjalan di atas tali tipis antara “mendidik dengan ketegasan” dan “takut disalahartikan”. Guru seolah harus menjadi sosok sempurna: sabar tanpa batas, lembut tanpa salah langkah. Padahal mereka pun manusia — yang lelahnya tak jarang disembunyikan di balik senyum. Efek dari ketakutan ini terasa nyata. Banyak guru akhirnya memilih “jalan aman”: tidak menegur, tidak menasihati, dan membiarkan perilaku siswa apa adanya. Disiplin pun perlahan memudar. Padahal, bila tak ada lagi yang berani menegur dengan niat baik, siapa yang akan menanamkan karakter pada anak-anak kita? Guru Bukan Lawan, tetpi Sekutu Kasus kriminalisasi guru tak hanya melukai individu, tapi juga mencederai martabat profesi pendidik. Guru adalah pondasi utama pendidikan — sehebat apa pun kurikulum dan teknologi, tanpa guru yang bersemangat, semua kehilangan jiwa. Karena itu, guru perlu dilindungi, baik secara hukum maupun moral. Undang-Undang Guru dan Dosen memang sudah mengatur perlindungan profesi, tapi di lapangan, penerapannya sering kali lemah. Sebelum menghakimi, mari belajar untuk mendengar. Di balik setiap keputusan guru, ada pertimbangan panjang dan niat membentuk karakter. Yang dibutuhkan bukan vonis, tapi ruang dialog yang adil. Guru yang terlindungi akan berani mendidik dengan hati. Guru yang dihormati akan menularkan nilai hormat itu pada muridnya. Dari “Digugu dan Ditiru” ke “Digugat dan Dituduh” Dulu, kata-kata guru menjadi pedoman; kini, kadang justru menjadi perdebatan. Perubahan ini tak bisa disalahkan sepenuhnya pada satu pihak. Pada era serba cepat, orang tua dan masyarakat pun dituntut beradaptasi —belajar memahami konteks sebelum bereaksi. Anak mungkin datang ke rumah dengan cerita yang belum utuh, atau video viral bisa menampilkan potongan kejadian tanpa penjelasan lengkap. Maka penting bagi kita semua, terutama orang tua, untuk menahan diri dan mencari tahu duduk perkara sebelum bereaksi emosional. Pendidikan adalah kerja bersama, bukan ajang saling tuding. Guru dan orang tua sejatinya berada di sisi yang sama: sama-sama ingin anak tumbuh dengan nilai yang baik. Menemukan Cara Baru untuk Mendidik Meski sering disalahartikan, banyak guru memilih bertahan dengan cara yang lebih bijak. Mereka belajar menegakkan disiplin tanpa harus marah, menegur tanpa menyakiti, dan mendidik tanpa melukai harga diri siswa. Pendekatan seperti sistem poin pelanggaran, refleksi perilaku, atau proyek sosial mulai banyak diterapkan. Anak yang melanggar diajak memahami konsekuensi dari perbuatannya, bukan sekadar diberi hukuman. Guru juga mulai memperkuat empati: berbicara empat mata dengan siswa, mendengarkan alasan di balik perilaku, lalu membantu mencari solusi. Sebab anak yang bermasalah sering kali bukan butuh dimarahi, tapi dipahami. Yang pasti, kekerasan fisik — sekecil apa pun — bukan lagi jalan yang relevan. Dunia telah berubah, begitu juga cara mendidik. Kini yang dibutuhkan adalah ketegasan yang beradab, dan kelembutan yang punya wibawa. *** Guru bukan musuh. Mereka adalah pelita yang menuntun anak-anak kita menapaki jalan panjang menuju masa depan. Maka, ketika ada guru yang menegur, semoga kita tidak terburu-buru curiga. Di balik suaranya yang mungkin terdengar keras, ada niat tulus untuk melindungi. Sebab bila pelita itu padam karena salah paham, siapa lagi yang akan menerangi langkah generasi ini? Konten ini merupakan opini/laporan buatan blogger dan telah tayang di Kompasiana .com dengan judul "" Guru yang Salah Karena Benar """
https://katanetizen.kompas.com/read/2025/10/30/181128985/adakah-cara-biar-adil-memberi-nafkah-ke-orangtua,Katanetizen,Kata Netizen,"Kompas.com - 30/10/2025, 18:11 WIB",Adakah Cara biar Adil Memberi Nafkah ke Orangtua?,"ekonomi, Kompasiana, orangtua, nafkah, Kata Netizen","Siapa yang pernah berada di posisi membagi nafkah bukan hanya untuk keluarga kecilmu, tapi juga untuk dua pihak orangtua? Pertanyaan sederhana ini ternyata tidak semudah dijawab dengan angka. Sebab, “adil” dalam memberi nafkah sering kali tidak berarti sama rata, tapi lebih kepada bagaimana kita memahami kebutuhan dan situasi masing-masing keluarga. Ketika Tinggal Serumah dengan Orangtua Tika dan suaminya sudah belasan tahun menikah. Keduanya tinggal di rumah ibunda Tika yang kini telah beranjak lansia. Mereka berdua bertugas merawat sang ibu sekaligus menanggung seluruh kebutuhan rumah tangga sehari-hari. Dalam kondisi ini, Tika memang tidak memberikan uang bulanan dalam bentuk tunai kepada ibundanya, karena hampir semua kebutuhan rumah sudah ia tanggung—mulai dari bahan makanan, tagihan air, hingga listrik. Namun di sisi lain, suami Tika juga memiliki ibu yang masih hidup dan memerlukan nafkah bulanan. Oleh karena penghasilan mereka tergolong sederhana, keduanya sepakat untuk membantu ibu dari pihak suami dengan cara membayar biaya operasional rumah dan kebutuhan harian di sana. Tika dan suami menyadari satu hal penting: tidak semua bentuk bantuan kepada orangtua harus diwujudkan dalam bentuk uang. Ada kalanya menanggung kebutuhan pokok sehari-hari jauh lebih berarti, sekaligus memastikan orangtua hidup dengan nyaman tanpa harus menghitung rupiah. Ketika Orangtua Sudah Mapan Lain halnya dengan Rendy dan istrinya. Mereka hidup mandiri dengan dua anak, sementara kedua pihak orangtua sudah mapan secara finansial. Orangtua Rendy memiliki usaha yang masih berjalan, sementara mertuanya masih menerima uang pensiun setiap bulan. Dalam situasi seperti ini, orangtua tidak menuntut bantuan materi dari anak-anaknya. Namun Rendy dan istri tetap berupaya memberikan uang bulanan dalam jumlah yang sama, sekadar bentuk penghormatan dan kasih sayang. Keduanya memilih untuk terbuka soal nominal dan waktu pemberian. Tidak ada yang merasa lebih atau kurang. Justru keterbukaan itu yang membuat hubungan keluarga tetap hangat tanpa menyinggung perasaan siapa pun. Belajar Soal Keadilan dan Prioritas Dari dua kisah di atas, tampak bahwa keadilan dalam memberi nafkah kepada orangtua tidak bisa disamaratakan. Ada keluarga yang lebih membutuhkan bantuan praktis seperti biaya hidup, ada pula yang cukup dengan perhatian dan dukungan kecil dari anak-anaknya. Yang terpenting adalah keterbukaan dengan pasangan. Jangan sampai salah satu pihak memberi bantuan secara diam-diam hingga menimbulkan salah paham. Diskusi terbuka akan membantu menyeimbangkan kewajiban antara merawat orangtua dan menafkahi keluarga sendiri. Selain itu, kemampuan finansial juga perlu diukur dengan realistis. Jangan sampai niat berbakti justru membuat keuangan keluarga goyah. Jika kamu memiliki saudara, bicarakan bersama agar tanggung jawab tidak hanya dipikul sendiri. Dan terakhir, ingat bahwa nafkah tidak selalu berbentuk uang. Bisa saja dalam bentuk bahan pokok, pembayaran tagihan bulanan, atau sekadar perhatian yang konsisten—hal-hal kecil yang sebenarnya punya nilai besar di mata orangtua. *** Adil dalam memberi nafkah bukan berarti membagi sama rata, melainkan memberi dengan rasa ikhlas dan penuh tanggung jawab. Sebab, keadilan dalam keluarga tidak diukur dari jumlah yang diberikan, tapi dari keseimbangan antara niat, kemampuan, dan kasih yang tulus. Mungkin, itulah cara paling adil untuk tetap berbakti—tanpa merasa terbebani, dan tanpa membuat siapa pun merasa dilupakan. Konten ini merupakan opini/laporan buatan blogger dan telah tayang di Kompasiana .com dengan judul "" Cara agar Tetap Adil Memberi Nafkah ke Orangtua Sesuai Kemampuan Finansial """
https://katanetizen.kompas.com/read/2025/10/29/161714385/peran-komunitas-jaga-pariwisata-di-pulau-merak-besar,Katanetizen,Kata Netizen,"Kompas.com - 29/10/2025, 16:17 WIB",Peran Komunitas Jaga Pariwisata di Pulau Merak Besar,"Kompasiana, Pariwisata, Kata Netizen, pulau merak besar","Jika bisa disebutkan, adakah tempat wisata yang membuat hati tenang bukan hanya karena keindahan alamnya, tapi juga karena pengelolaannya terasa manusiawi dan tertib? Itulah kesan yang saya rasakan saat menjejakkan kaki di Pulau Merak Besar , sebuah destinasi wisata laut yang kini mulai ramai dikunjungi di kawasan Merak, Kota Cilegon, Banten. Perjalanan Menuju Pulau Merak Besar Perjalanan dimulai dari Kota Bogor di pagi hari, dengan harapan bisa pulang di hari yang sama. Rute perjalanan cukup mudah: menggunakan KRL Commuter Line menuju Jakarta, lalu ke Rangkasbitung. Dari sana, perjalanan dilanjutkan dengan kereta tujuan Merak. Setibanya di Stasiun Merak, sejumlah angkot sudah menunggu di luar stasiun. Para sopir dengan ramah menawarkan tumpangan menuju lokasi penyeberangan. Tidak ada kesan “nembak tarif” atau tawar-menawar berlebihan seperti yang kadang ditemui di kawasan wisata lain. Semua berjalan wajar dan tertib. Ternyata, hal ini bukan kebetulan. Di balik keteraturan itu, ada peran komunitas lokal yang sedang membangun sistem wisata berbasis profesionalisme dan kolaborasi. Tertib Sejak Dermaga Setelah menuruni angkot, pengunjung akan diarahkan menuju dermaga kecil bernama D’Jetty Medaksa Sebrang. Dari sinilah perjalanan menuju Pulau Merak Besar dimulai. Harga tiketnya Rp20.000 per orang—sudah termasuk ongkos perahu dan biaya masuk pulau. Perahu bermesin tempel berbahan fiberglass ini mampu mengangkut 8–12 penumpang dan dilengkapi pelampung keselamatan. Meski laut terkadang berombak, penyeberangan terasa aman dan teratur. Saat laut terlalu tinggi, operasional bahkan bisa dihentikan demi keselamatan. Pagi itu, saya melihat bagaimana petugas memanggil penumpang berdasarkan nomor antrean dengan bantuan megafon—tertib dan terorganisasi. Pulau yang Asri dan Menenangkan Begitu tiba, suasana Pulau Merak Besar terasa menyejukkan. Hamparan pasir putih berpadu dengan birunya laut, sementara di kejauhan terlihat kapal feri lalu-lalang dari dan ke Pelabuhan Bakaheuni, Lampung. Pulau ini masih menyimpan keasrian alami. Beberapa monyet hutan berkeliaran dengan tenang, sesekali menikmati potongan buah yang disiapkan pengelola. Sedangkan di area pantai, kios-kios sederhana menyediakan tikar, perlengkapan snorkeling, hingga perlengkapan berkemah. Kebersihan menjadi hal yang menonjol di sini. Tempat sampah tersedia di berbagai titik, tanah disapu rapi, dan rambu-rambu petunjuk maupun larangan terlihat jelas. Semua tertata dengan baik. Kunci Keteraturan: Komunitas D’Jetty Medaksa Sebrang Rasa penasaran saya tentang siapa yang mengelola tempat ini akhirnya terjawab. Seorang pria muda berkacamata bernama Rivaldi—yang saya lihat memegang megafon di dermaga—menjelaskan bahwa semua ini dikelola oleh komunitas lokal bernama D’Jetty Medaksa Sebrang. Komunitas ini terbentuk pada Oktober 2024 dan mulai beroperasi penuh sejak April 2025. Mereka terdiri dari sekitar 30 anggota: mulai dari tukang parkir, petugas loket, pengatur antrean, hingga penjaga kebersihan. Tak ada sistem “bos dan anak buah”. Semua bekerja setara, saling mengisi demi pelayanan terbaik bagi wisatawan. Menariknya, Rivaldi dulunya pernah terlibat dalam pengelolaan destinasi wisata di Pulau Belitung. Ia membawa pengalaman profesional itu ke Merak, bekerja sama dengan pemuda setempat dan seorang dermawan yang mereka panggil “Kakak”—orang yang membantu membiayai pembangunan infrastruktur awal. Kolaborasi ini juga mencakup sopir-sopir angkot di sekitar stasiun Merak. Hubungan saling menguntungkan tercipta: pengunjung bisa menuju dermaga dengan nyaman, sopir mendapat penumpang tetap, sementara pengelola wisata terbantu dari sisi akses transportasi. Model Pengelolaan yang Layak Dicontoh Dari awal perjalanan hingga menjejak pasir putih di Pulau Merak Besar, kesan profesional dan bersahabat terasa konsisten. Tidak ada pungutan liar, tidak ada harga yang mencekik, dan yang paling penting—tidak ada drama. Komunitas D’Jetty Medaksa Sebrang menunjukkan bahwa wisata yang dikelola dengan rapi dan berbasis partisipasi warga bisa menciptakan pengalaman positif bagi semua pihak. Wisatawan menikmati suasana yang bersih dan aman. Warga setempat memperoleh peluang ekonomi baru. Sementara daerahnya sendiri mendapatkan citra baik sebagai destinasi wisata yang ramah dan tertib. *** Meski masih tergolong baru, Pulau Merak Besar telah menunjukkan potensi besar sebagai destinasi wisata bahari yang menjanjikan. Kuncinya sederhana: pengelolaan profesional, kerja sama warga, dan kejujuran dalam pelayanan. Tiga hal yang sering kali hilang di banyak tempat wisata lain di Indonesia. Semoga semangat komunitas D’Jetty Medaksa Sebrang menjadi inspirasi bagi daerah lain untuk mengembangkan wisata dengan cara yang tidak hanya menarik wisatawan, tetapi juga memuliakan manusia dan alam di sekitarnya. Konten ini merupakan opini/laporan buatan blogger dan telah tayang di Kompasiana .com dengan judul "" Berwisata ke Pulau Merak Besar Tanpa Drama dan Horor """
https://katanetizen.kompas.com/read/2025/10/23/134817985/asn-dipindah-tugaskan-bagaimana-kondisi-sosial-dan-psikologisnya,Katanetizen,Kata Netizen,"Kompas.com - 23/10/2025, 13:48 WIB","ASN Dipindah Tugaskan, Bagaimana Kondisi Sosial dan Psikologisnya?","Kompasiana, karier, ASN, pindah tugas PNS, Kata Netizen, karier ASN","Bagi sebagian ASN, surat mutasi bukan sekadar surat perintah kerja. Di balik lembaran kertas itu, ada rumah yang harus ditinggalkan, anak-anak yang bertanya “kenapa harus pindah?”, dan pasangan yang harus mulai lagi dari awal di tempat baru. Kebijakan mutasi memang dibuat untuk pemerataan, tapi di lapangan, ia juga menjadi ujian sosial dan emosional bagi mereka yang mengalaminya. Bayangkan, Anda sudah terbiasa bangun pagi, menyusuri jalan yang sama menuju kantor, sarapan di warung langganan, anak-anak sudah betah di sekolah, dan tetangga sudah seperti keluarga sendiri. Lalu tiba-tiba, datanglah surat keputusan: Anda harus pindah ke daerah lain, mungkin jauh dari kota tempat Anda tumbuh. Tidak hanya pekerjaan yang berganti, tapi juga seluruh ritme kehidupan. Mengapa ASN Sering Harus Pindah Tugas Kebijakan mutasi ASN sejatinya merupakan bagian dari sistem pemerintahan yang ingin memastikan pemerataan tenaga ahli, efisiensi birokrasi, serta peningkatan kompetensi pegawai. ASN yang berpengalaman di satu wilayah diharapkan bisa berbagi pengetahuan dan keterampilan di daerah lain. Melalui mekanisme seperti mutasi jabatan pimpinan tinggi (JPT) dan pengembangan sistem digital seperti I-Mut dalam jaringan SIASN (Sistem Informasi ASN), pemerintah berupaya agar proses mutasi lebih transparan, berbasis data, dan tidak lagi bergantung pada “kedekatan” personal semata. Namun, di balik tujuan baik itu, ada sisi manusia yang kerap luput diperhatikan. Setiap mutasi berarti ada keluarga yang harus menyesuaikan diri, ada pasangan yang mungkin harus meninggalkan pekerjaan, dan ada anak-anak yang harus beradaptasi di sekolah baru. Ketika Adaptasi Menjadi Ujian Sosial dan Emosional Pindah tugas antar daerah sejatinya mengubah banyak hal—bukan hanya rutinitas kerja, tapi juga kehidupan sosial. Lingkungan baru berarti jaringan sosial yang baru pula. ASN dan keluarganya perlu waktu untuk membangun relasi, memahami budaya setempat, dan menemukan rasa nyaman di tengah masyarakat yang berbeda. Bagi anak-anak, pindah sekolah bisa menjadi pengalaman yang cukup berat. Mereka harus menyesuaikan diri dengan kurikulum, teman, bahkan bahasa lokal yang mungkin terdengar asing. Tidak jarang, orang tua ikut merasakan kecemasan yang sama. Sementara itu, pasangan ASN juga tidak selalu punya kemewahan untuk sekadar “ikut pindah”. Bagi mereka yang bekerja, mutasi berarti kehilangan pekerjaan, memutus jejaring profesional, atau terpaksa mulai dari nol. Ini menciptakan beban ganda: ekonomi dan emosional. Belum lagi urusan tempat tinggal. Di daerah yang infrastrukturnya terbatas, mencari rumah atau kontrakan yang layak bisa menjadi tantangan tersendiri. Akses air bersih, listrik, dan fasilitas publik belum tentu sama dengan di kota asal. Semua hal ini perlahan mengikis rasa nyaman yang dulu dimiliki. Tekanan yang Tak Selalu Terlihat Dari sisi psikologis, mutasi sering memunculkan perasaan kehilangan dan kecemasan. Kehilangan rutinitas, teman kerja, dan lingkungan yang akrab bisa menimbulkan stres atau bahkan gejala burnout. ASN yang sudah bertahun-tahun bekerja di satu tempat sering kali menghadapi dilema antara tanggung jawab profesional dan stabilitas keluarga. Sedangkan di satu sisi, ada keinginan untuk mengabdi dan berkembang dalam karier ; di sisi lain, ada kebutuhan menjaga keseimbangan rumah tangga dan kesejahteraan keluarga. Rasa bersalah bisa muncul: “Apakah saya egois karena mengejar karier?” atau sebaliknya, “Apakah saya terlalu takut keluar dari zona nyaman?” Pertanyaan-pertanyaan semacam ini kerap menghantui masa-masa transisi. Beban ini bisa semakin berat jika lingkungan baru tidak mendukung. Ketika fasilitas kerja tidak sesuai harapan, atau ketika rekan sejawat di daerah tujuan belum terbuka, perasaan terasing dan tidak dihargai bisa tumbuh. Menjaga Keseimbangan antara Kebijakan dan Kemanusiaan Pemerataan dan rotasi ASN tentu penting untuk membangun birokrasi yang sehat dan merata. Namun, pelaksanaan kebijakan tersebut perlu dilihat bukan hanya dari sisi administratif, melainkan juga dari sisi kemanusiaan. ASN bukan sekadar “pegawai yang bisa dipindahkan”, melainkan individu dengan keluarga, perasaan, dan keterikatan sosial. Jika mutasi dijalankan tanpa mempertimbangkan kesiapan sosial dan psikologis, maka risiko stres, penurunan motivasi, dan berkurangnya produktivitas menjadi hal yang nyata. Kebijakan yang manusiawi seharusnya memberi ruang bagi persiapan transisi—mulai dari konseling adaptasi, bantuan relokasi, hingga komunikasi yang jelas tentang kondisi daerah tujuan. Dengan begitu, ASN bisa merasa lebih siap dan dihargai. Selain itu, penting pula bagi pembuat kebijakan untuk memiliki data yang lebih kaya tentang dampak sosial dan psikologis mutasi ASN. Saat ini, data yang tersedia masih didominasi angka administratif: berapa banyak ASN dipindah, bukan bagaimana mereka beradaptasi. *** Mutasi antar daerah bagi ASN adalah bagian dari dinamika karier, tetapi juga perjalanan hidup. Ia menuntut kesiapan, ketahanan, dan dukungan yang kuat. Harapannya, ke depan, pemerintah semakin peka terhadap aspek sosial dan emosional di balik kebijakan mutasi. Karena ASN yang bahagia dan sejahtera bukan hanya bekerja lebih baik, tetapi juga melayani masyarakat dengan hati yang utuh. Dan mungkin, sudah saatnya kita tidak hanya bertanya “siapa yang dipindah?”, tetapi juga “bagaimana mereka dan keluarganya menata ulang kehidupan setelah pindah?” Konten ini merupakan opini/laporan buatan blogger dan telah tayang di Kompasiana .com dengan judul "" Dimensi Sosial dan Psikologis ASN dalam Pindah Tugas Antar Daerah """
https://katanetizen.kompas.com/read/2025/10/16/153242185/sudah-tidak-mau-pelihara-kok-malah-hewannya-dibuang,Katanetizen,Kata Netizen,"Kompas.com - 16/10/2025, 15:32 WIB","Sudah Tidak Mau Pelihara, Kok Malah Hewannya Dibuang?","kucing, Kompasiana, pelihara kucing, adopsi kucing, Kata Netizen","Kadang suara itu berasal dari balik semak, selokan, atau kardus kosong di pinggir jalan. Seekor anak kucing, sendirian, menggigil, menunggu ibunya yang tak akan kembali. Fenomena membuang anak kucing bukan hal baru di banyak kota di Indonesia. Dari gang sempit di pemukiman padat hingga sudut-sudut perumahan elit, cerita serupa terus berulang. Setiap pekan, para relawan penyelamat hewan menerima laporan anak kucing dibuang, ditinggalkan di depan rumah orang, bahkan diletakkan diam-diam di depan shelter yang sudah penuh sesak. Di satu sisi, masyarakat kita dikenal hangat dan penuh empati. Namun, di sisi lain, masih banyak yang menganggap kucing—terutama yang lahir tanpa rencana—sebagai “beban” yang mudah dilepaskan begitu saja. Ketika Dibuang Bukan Lagi Solusi Di balik setiap kotak kardus berisi anak kucing, ada kisah tentang kelalaian dan ketidaktahuan. Padahal, kucing kecil yang baru lahir belum bisa bertahan hidup sendiri. Mereka mudah kelaparan, kedinginan, atau terserang penyakit. Banyak yang akhirnya mati dalam diam, tanpa pernah merasakan kasih sayang atau rumah yang aman. Relawan dari salah satu komunitas penyayang hewan di Bekasi mengaku, setiap minggu mereka mengevakuasi 5–7 anak kucing dari jalanan. “Sebagian masih hidup, sebagian sudah tidak tertolong,” ujarnya pelan. Kondisi ini menunjukkan bahwa pembuangan hewan bukan sekadar kasus insidental, melainkan masalah kesejahteraan hewan yang mendesak untuk diperhatikan. Mengapa Hewan Tidak Boleh Dibuang? Membuang anak kucing bukan hanya tindakan kejam, tapi juga membawa dampak luas—bagi hewan, lingkungan, dan manusia itu sendiri. Mereka tidak punya kemampuan bertahan. Anak kucing yang dibuang mudah mati kelaparan, diserang hewan lain, atau tertabrak kendaraan. Tanpa induk, peluang hidup mereka nyaris nol. Menimbulkan risiko penyakit dan pencemaran. Hewan yang tidak terawat bisa menjadi pembawa penyakit seperti jamur, parasit, atau infeksi kulit yang dapat menular ke hewan lain bahkan manusia. Menambah beban sosial dan lingkungan. Populasi kucing liar yang terus bertambah menyebabkan bau, kotoran, dan konflik warga yang merasa terganggu. Sementara itu, shelter dan komunitas penyelamat kewalahan menampung hewan-hewan baru. Menyebabkan siklus tanpa akhir. Kucing yang dibuang dan berhasil bertahan akan berkembang biak lagi. Tanpa kontrol, jumlahnya meningkat eksponensial, menciptakan rantai pembuangan yang tak pernah selesai. Melanggar tanggung jawab moral sebagai pemilik. Ketika seseorang memilih memelihara hewan, ia juga memikul tanggung jawab atas hidupnya—termasuk keturunannya. Membuang berarti mengingkari komitmen itu. Sterilisasi, Solusi yang Sering Terlupakan Salah satu cara paling efektif untuk mencegah lahirnya anak-anak kucing tanpa rumah adalah dengan sterilisasi (spaying/neutering). Program ini tidak hanya menekan angka kelahiran, tetapi juga meningkatkan kesehatan hewan dan mengurangi perilaku agresif. Beberapa kota di Indonesia telah menjalankan program sterilisasi massal, baik oleh pemerintah daerah maupun bekerja sama dengan komunitas pecinta hewan. Namun, tantangan terbesarnya justru ada pada kesadaran masyarakat. Masih banyak pemilik kucing yang belum memahami pentingnya sterilisasi, atau menganggapnya mahal dan tidak perlu. Padahal, biaya sterilisasi jauh lebih kecil dibandingkan risiko dan penderitaan akibat pembuangan. Memberi Makan Saja Tidak Cukup Banyak warga dengan niat baik memberi makan kucing liar di sekitar rumah. Namun, jika tidak diiringi kontrol populasi, tindakan ini justru memperbanyak jumlah kucing tanpa pemilik. Memberi makan boleh, tetapi sebaiknya diikuti dengan langkah lebih bertanggung jawab: membantu sterilisasi, mencarikan adopter, atau berkoordinasi dengan shelter terdekat. Adopsi, Jalan Kecil yang Mengubah Nasib Setiap kucing yang diadopsi berarti satu nyawa terselamatkan. Adopsi bukan hanya memberi rumah, tapi juga kesempatan hidup yang layak. Kini, banyak komunitas dan shelter membuka program adopsi gratis atau bersyarat ringan—calon pemilik hanya perlu komitmen dan kasih sayang. Jika belum siap memelihara, ada cara lain membantu: menyumbang makanan, obat, atau waktu untuk membantu relawan. Setiap tindakan kecil berarti. Perlu Dukungan Sistemik dari Pemerintah Masalah kesejahteraan hewan seharusnya bukan beban individu semata. Sudah saatnya pemerintah daerah memasukkan urusan kesehatan dan pengendalian hewan ke dalam program wajib, bukan pilihan. Dengan begitu, layanan vaksinasi, sterilisasi, hingga penanganan hewan terlantar bisa memiliki anggaran dan struktur kerja yang jelas. Pemerintah pusat sendiri melalui Kementerian Pertanian telah menggagas revisi Undang-Undang No. 18 Tahun 2009 tentang Peternakan dan Kesehatan Hewan agar lebih berpihak pada perlindungan hewan kesayangan. Langkah ini patut didukung, agar regulasi dan implementasi di lapangan makin kuat. Cermin Kemanusiaan Kita Mahatma Gandhi pernah berkata, “Kebesaran suatu bangsa dan kemajuan moralnya dapat dinilai dari cara ia memperlakukan hewan.” Kutipan ini seolah mengingatkan kita: ukuran kemajuan tidak hanya soal teknologi atau ekonomi, tapi juga seberapa besar empati kita terhadap makhluk lemah yang tak bisa bersuara. Membuang anak kucing mungkin tampak sepele, tapi di situlah letak ujian nurani kita. Apakah kita memilih jalan mudah—atau jalan yang benar? Suatu hari nanti, semoga tak ada lagi tangisan kecil di balik kardus di pinggir jalan. Hanya suara dengkuran tenang dari hewan yang merasa aman—karena manusia akhirnya belajar untuk peduli. Konten ini merupakan opini/laporan buatan blogger dan telah tayang di Kompasiana .com dengan judul "" Hentikan Kebiasaan Membuang Anak Kucing Sekarang Juga """
https://katanetizen.kompas.com/read/2025/10/15/181823285/ragam-makanan-aceh-besar-mana-jadi-favoritmu,Katanetizen,Kata Netizen,"Kompas.com - 15/10/2025, 18:18 WIB","Ragam Makanan Aceh Besar, Mana Jadi Favoritmu?","Aceh, Kompasiana, kuliner, Aceh Besar, Kata Netizen","Jika kamu berkunjung ke Aceh Besar, makanan khas mana yang ingin kamu coba lebih dulu — kuah beulangong yang kaya rempah, atau sie reuboh yang asam gurih dan tahan lama? Aceh Besar dikenal bukan hanya karena alamnya yang memesona atau sejarahnya yang sarat nilai, tetapi juga karena kulinernya yang khas dan menggugah selera. Masyarakatnya hidup dengan semangat peumulia jamee — tradisi memuliakan tamu — yang tercermin dari cara mereka menyajikan hidangan. Setiap masakan bukan sekadar makanan, melainkan bentuk kasih dan penghormatan. Kuliner Aceh Besar juga mencerminkan jejak sejarah panjang yang kaya pengaruh budaya: Melayu, Arab, India, hingga Tionghoa. Perpaduan itu menghasilkan cita rasa unik yang sulit ditemukan di daerah lain. Berikut beberapa kuliner khas Aceh Besar yang paling digemari dan wajib kamu coba saat berkunjung ke Tanah Rencong ini. 1. Kuah Beulangong Inilah ikon kuliner Aceh Besar yang paling terkenal. Kuah beulangong adalah gulai daging yang dimasak dalam kuali besar (beulangong berarti ""kuali besar"" dalam bahasa Aceh). Biasanya menggunakan daging sapi atau kambing yang dimasak bersama nangka muda, rempah khas Aceh, cabai, serai, dan lengkuas. Menariknya, di beberapa daerah seperti Lhoknga, nangka muda sering diganti dengan hati pohon pisang yang memberikan tekstur dan aroma berbeda. Kuah beulangong biasa hadir di acara-acara besar seperti kenduri, gotong royong, atau perayaan keagamaan. Kini, menu ini juga mudah ditemukan di warung-warung sekitar Bandara Sultan Iskandar Muda — cocok disantap hangat-hangat setelah mendarat di Aceh. 2. Sie Reuboh Nama sie reuboh berasal dari kata sie (daging) dan reuboh (rebus). Makanan ini merupakan olahan daging sapi atau kerbau yang direbus dengan cuka aren, bawang, cabai, dan berbagai rempah pilihan. Proses memasaknya bisa memakan waktu hingga lebih dari satu jam, dan uniknya, hidangan ini justru semakin nikmat setelah disimpan beberapa hari karena bumbunya meresap sempurna. Dengan cita rasa asam gurih dan aroma khas fermentasi cuka, sie reuboh bisa bertahan hingga berbulan-bulan tanpa bahan pengawet. Biasanya disajikan bersama nasi hangat atau kuah pliek u yang kaya rasa. 3. Kuah Pliek U Hampir setiap daerah di Aceh mengenal masakan ini, tapi versi Aceh Besar memiliki kekhasan tersendiri. Kuah pliek u merupakan sayur bersantan yang berisi campuran daun melinjo, pepaya muda, kacang panjang, serta kelapa parut yang telah difermentasi (pliek u). Rasanya gurih dan kompleks, dengan aroma khas hasil fermentasi. Jika ingin mencoba versi unik, datanglah ke kawasan Lhong, sekitar satu jam dari Banda Aceh. Di sana, kamu bisa menemukan pliek u chu — varian kuah pliek u yang dipadukan dengan siput. 4. Bu Sie Itek (Masakan Bebek Khas Aceh Besar) Selain daging sapi, masyarakat Aceh Besar juga gemar mengolah daging bebek. Bu sie itek dimasak dengan campuran cabai, kunyit, jahe, dan serai, menghasilkan cita rasa pedas gurih yang kuat. Biasanya hidangan ini disajikan dalam acara-acara besar seperti maulid nabi atau kenduri kampung. Tak sulit menemukannya di rumah makan tradisional Aceh, karena menu ini termasuk favorit banyak pengunjung. 5. Eungkot Paya Menu satu ini cocok bagi pencinta ikan dan rasa pedas. Eungkot paya berarti ikan rawa — biasanya ikan gabus atau lele — yang dimasak dengan bumbu asam pedas khas Aceh menggunakan asam sunti (belimbing wuluh kering), cabai, dan rempah pilihan. Cita rasanya segar, pedas, dan sedikit asam, sangat pas disantap dengan nasi hangat di siang hari. Konten ini merupakan opini/laporan buatan blogger dan telah tayang di Kompasiana .com dengan judul "" Makanan Favorit Aceh Besar, Cita Rasa Khas Tanah Rencong """
https://katanetizen.kompas.com/read/2025/10/15/165523185/sudah-siapkah-menerima-bapak-rumah-tangga-di-sekitar-kita,Katanetizen,Kata Netizen,"Kompas.com - 15/10/2025, 16:55 WIB",Sudah Siapkah Menerima Bapak Rumah Tangga di Sekitar Kita?,"Kompasiana, bapak rumah tangga, profesi, Kata Netizen","Jika seorang laki-laki yang memilih tinggal di rumah sambil mengurus anak dan mencuci piring bisa disebut “kurang tangguh”? Apakah justru ini sebuah pola bentuk baru dari keberanian dan tanggung jawab? Suatu pagi di pinggiran kota, seorang ayah terlihat menjemur pakaian sambil mengawasi anak bungsunya bermain di halaman. Pemandangan itu sebenarnya sederhana—namun masih saja membuat beberapa orang berhenti sejenak, ada yang tersenyum simpul, ada pula yang saling berbisik pelan. Dalam banyak lingkungan, pemandangan seperti itu masih dianggap janggal. Seolah laki-laki yang tidak berangkat ke kantor setiap pagi adalah sesuatu yang “kurang pas”. Padahal, zaman sudah banyak berubah: perempuan kini bisa menjadi menteri, CEO, bahkan presiden. Tetapi, mengapa ketika seorang pria memutuskan untuk fokus mengurus rumah, sebagian dari kita masih merasa ada yang “tidak beres”? Ketika Peran Bergeser, Persepsi Belum Fenomena bapak rumah tangga bukanlah hal baru, tapi gaungnya semakin terasa dalam beberapa tahun terakhir. Pandemi membuat banyak keluarga beradaptasi; ada yang kehilangan pekerjaan, ada pula yang memilih menyesuaikan peran demi menjaga keseimbangan rumah tangga. Beberapa ayah memilih tinggal di rumah, sementara istrinya melanjutkan karier. Sebagian menjalaninya dengan penuh kesadaran, sebagian lagi dengan pergulatan batin yang panjang. Sebab, di tengah masyarakat yang masih kental dengan nilai patriarki, peran laki-laki sering kali masih diukur dari seberapa besar penghasilan yang ia bawa pulang. Padahal, kehadiran ayah di rumah tak kalah penting dari kontribusi finansial. Keterlibatan emosional seorang ayah—dalam pengasuhan, dalam mendengar, dalam menemani—adalah bentuk lain dari tanggung jawab yang justru kian dibutuhkan di masa kini. Pergulatan Sunyi di Balik Pintu Rumah Seorang teman pernah bercerita, ia meninggalkan pekerjaannya di bank demi merawat anak-anak ketika sang istri mendapat kesempatan kerja di luar kota. “Awalnya aneh,” katanya pelan. “Bangun pagi tanpa seragam, tanpa rapat, tanpa target. Tapi ketika anakku memeluk sambil bilang ‘terima kasih, Ayah’, rasanya tidak ada bonus akhir tahun yang bisa menandingi.” Di balik tumpukan cucian, dapur yang tak pernah benar-benar bersih, dan rutinitas yang kadang membosankan, ada perjalanan batin seorang ayah yang sedang belajar ulang arti “menafkahi” dengan cara berbeda. Namun, perjalanan itu tidak selalu mudah. Tekanan sosial sering datang dari sekitar—komentar ringan seperti “sementara saja, ya?” atau “masa laki-laki di rumah?” masih sering terdengar. Seolah pilihan untuk fokus pada rumah tangga adalah bentuk kegagalan, bukan keputusan sadar yang diambil dengan penuh tanggung jawab. Ketika Dunia Luar Belum Ramah Masyarakat kita masih gemar menilai seseorang dari profesinya. Karena itu, menjadi bapak rumah tangga sering dianggap “tidak produktif.” Padahal, mengurus anak, menyiapkan makanan, dan memastikan rumah berjalan dengan baik adalah pekerjaan penuh waktu yang menuntut kesabaran dan kecerdasan emosional. Fenomena serupa juga terjadi di negara lain. Di Amerika Serikat, riset Pew Research Center mencatat peningkatan jumlah ayah yang memilih tinggal di rumah, terutama di keluarga muda. Kalau di Tiongkok, fenomena stay-at-home dad juga mulai mendapat perhatian publik. Perlahan, dunia mulai mengakui bahwa menjadi ayah yang hadir sepenuhnya di rumah bukan tanda kelemahan, melainkan bentuk kedewasaan baru. Di media sosial, para bapak rumah tangga juga mulai saling menemukan satu sama lain. Mereka berbagi tips mengasuh anak, memasak, atau sekadar berbagi cerita tentang bagaimana rasanya menjadi “minoritas baru” di dapur. Tetapi stigma masih ada. Komentar seperti “laki-laki kok di dapur” masih sering mampir, menandakan bahwa perubahan pola pikir masyarakat masih butuh waktu. Mendefinisikan Ulang Arti Kejantanan Barangkali sudah saatnya kita bertanya ulang: apa sebenarnya makna “laki-laki sejati”? Selama ini, kejantanan sering diukur dari kemampuan memimpin, menghasilkan uang, atau bersikap tegas. Ya, zaman bergerak dan makna kejantanan pun ikut berubah. Kini, keberanian seorang pria bisa terlihat dari caranya menyiapkan sarapan untuk keluarga, dari kesabarannya menenangkan anak, atau dari keputusannya untuk hadir penuh di rumah meski tanpa jas dan dasi. Psikolog anak Yulia Wahyu Ningrum pernah mengatakan bahwa keterlibatan ayah secara emosional membantu anak membangun rasa aman dan percaya diri. Kehadiran ayah yang hangat, bukan hanya kuat, justru menjadi fondasi penting bagi perkembangan anak. Maka mungkin, menjadi “laki-laki sejati” di masa kini bukan lagi soal siapa yang berangkat paling pagi atau pulang paling malam, melainkan siapa yang mampu menyalakan kompor dengan cinta, mengganti popok dengan sabar, dan menumbuhkan mimpi anak-anaknya dengan kasih. Menutup dengan Harapan Dunia mungkin belum sepenuhnya siap menerima kehadiran para bapak rumah tangga. Tapi sejarah selalu berpihak pada mereka yang berani menembus batas norma lama. Dulu, perempuan harus berjuang keluar dari dapur untuk diakui di ruang publik. Kini, sebagian laki-laki justru berjuang masuk ke dapur untuk menemukan makna baru tentang kebersamaan dan kesetaraan. Mungkin memang belum banyak yang memahami langkah mereka. Tapi setiap ayah yang memilih jalur ini sedang menyiapkan dunia yang lebih adil—pelan-pelan, dengan tangan yang beraroma sabun bayi dan hati yang penuh kasih. Konten ini merupakan opini/laporan buatan blogger dan telah tayang di Kompasiana .com dengan judul "" Bapak Rumah Tangga dan Dunia yang Masih Tak Siap Menerimanya """
https://katanetizen.kompas.com/read/2025/10/15/132819185/akan-tiba-satu-masa-anak-enggan-diajak-pergi,Katanetizen,Kata Netizen,"Kompas.com - 15/10/2025, 13:28 WIB","Akan Tiba Satu Masa, Anak Enggan Diajak Pergi","Kompasiana, orangtua, anak remaja, hubungan orangtua dan anak, Kata Netizen","Kapan kamu menyadari, sebagai orangtua, kalau ketika kecil dulu si Anak menempel ke mana pun pergi, tetapi kini susah sekali diajak jalan? Sayangnya, tanpa disadari, fase itu bisa datang begitu cepat—dan apakah kita siap melewati masa-masa seperti itu? Masa-masa Indah yang Tak Terulang Ketika anak-anak masih kecil, setiap akhir pekan terasa seperti petualangan kecil. Bersama istri dan dua anak, kami sering berkeliling naik motor. Anak sulung duduk di depan saya, sementara adiknya di tengah bersama ibunya. Kadang kami mampir ke warung kopi sederhana, atau sekadar membeli camilan di pinggir jalan. Tak ada rencana besar, tapi rasanya selalu istimewa. Anak sulung saya, si jagoan kecil, selalu ingin ikut ke mana pun ayahnya pergi. Bahkan saat hujan deras pun, ia pernah memaksa ikut sampai harus dibujuk lama oleh ibunya. Sedangkan adiknya, gadis kecil yang manis, lebih suka kulineran—terutama bila makanannya sedang viral di media sosial. Kedekatan kami berbeda, tapi sama-sama hangat. Namun waktu berjalan cepat. Ketika si sulung duduk di kelas empat SD, ia mulai punya dunianya sendiri. Akhir pekan dihabiskan bermain bola atau bersepeda dengan teman-temannya. Sang adik pun mulai asyik dengan sahabat-sahabatnya, dan ajakan ayah ibunya tak lagi semenarik dulu. Motor kami pun akhirnya tak lagi cukup. Anak-anak tumbuh besar, posisi duduk makin sempit. Sejak itu, kami bepergian dengan dua motor—saya berboncengan dengan si sulung, istri dengan si bungsu. Dan kini, ketika mereka sudah beranjak remaja, saya dan istri lebih sering berdua saja. Seperti dulu, sebelum ada mereka. Saat Anak Mulai Menjauh Saya masih ingat masa awal ketika si jagoan mulai menolak ajakan pergi bersama. Rasanya ada ruang kecil di hati yang tiba-tiba kosong. Dulu, ajakan makan bakso atau jalan sore selalu disambut antusias. Kini, ada saja alasannya. Ia lebih memilih nongkrong dengan teman atau sekadar berkeliling naik motor sendiri. Saat libur sekolah, sering pula menginap di rumah teman, atau bergantian menjamu mereka di rumah. Ibunya hanya berpesan agar pulang sebelum malam. Saya tak melarang—meski diam-diam, ada rindu yang tumbuh pelan-pelan. Kadang, saya mengenang masa kecilnya. Wajah kecil yang dulu selalu menunggu di depan pintu kamar mandi, menolak tidur sebelum ayahnya pulang. Pernah suatu malam, ketika saya baru tiba dari luar kota, matanya baru terpejam setelah saya sampai rumah. Kini, yang tersisa hanya kenangan—hangat, tapi juga menyesakkan. Fase Alamiah yang Mesti Diterima Bagi orangtua mana pun, saat anak mulai enggan diajak pergi adalah momen yang membingungkan. Sedangkan di satu sisi, kita bangga mereka tumbuh mandiri. Tapi di sisi lain, ada perasaan kehilangan yang sulit dijelaskan. Susan Stiffelman, pakar parenting asal Amerika, menjelaskan bahwa fase ini sangat wajar. Anak-anak yang beranjak remaja ingin membangun identitas sendiri, terlepas dari bayang-bayang orangtuanya. Bahkan pelukan atau cium pipi di depan teman bisa membuat mereka merasa “tidak keren”. Bukan karena tak sayang, tapi karena sedang belajar menjadi pribadi yang berdiri sendiri. Sebagai orangtua, kita hanya perlu memahami. Tak perlu tersinggung, tak perlu memaksa. Cukup memberi ruang, sambil tetap berada di dekat mereka—tidak jauh, tapi juga tidak terlalu dekat. Biarkan mereka menemukan jalannya sendiri, sambil tahu bahwa rumah akan selalu jadi tempat pulang. Waktu yang Tak Bisa Diulang Kini saya sudah terbiasa bepergian tanpa anak-anak. Kadang bersama istri, kadang sendiri. Sesekali mereka mau ikut, tapi hanya kalau suasana hatinya sedang baik. Saya tak lagi kecewa. Waktu mengajarkan bahwa setiap fase punya masanya. Dulu saya juga begitu pada orangtua saya—menjauh, lalu perlahan membangun hidup sendiri. Mungkin inilah putaran alami kehidupan. Dulu kita yang digandeng, kini kita yang melepas. Dan kelak, mereka pun akan mengalami hal yang sama kepada anak-anak mereka sendiri. Nikmati Selagi Bisa Untuk para orangtua yang anaknya masih kecil dan selalu ingin ikut ke mana pun, nikmatilah masa itu. Tak peduli sejauh apa nanti mereka melangkah, kenangan kecil itu akan selalu hidup di hati kita. Akan tiba satu masa ketika anak enggan diajak pergi. Tetapi percayalah—itu bukan akhir dari kedekatan, melainkan babak baru dari hubungan yang tumbuh lebih dewasa. Cinta orangtua dan anak, sejatinya tidak diukur dari seberapa sering berjalan bersama, melainkan dari seberapa dalam mereka tahu, kita selalu menunggu di rumah. Konten ini merupakan opini/laporan buatan blogger dan telah tayang di Kompasiana .com dengan judul "" Saat Anak Enggan Diajak Ayahnya Pergi """
